Workbook
Name CategoryList: Lists!$A$2:$A$8
Name SupplierIDList: 'Supplier Master'!$A$2:$A$16

Sheet Inventory Data
A1: Product ID | B1: Product Name | C1: Category | D1: Supplier ID | E1: Supplier | F1: Quantity in Stock | G1: Reorder Level | H1: Unit Price (₹) | I1: Stock Value (₹) | J1: Last Restocked Date | K1: Lead Time (Days) | L1: Stock Status | M1: Reorder Quantity | N1: Days Since Restock
A2: PRD001 | B2: Wireless Mouse | C2: Electronics | D2: SUP001 | E2: =IFERROR(VLOOKUP(D2,'Supplier Master'!$A$2:$F$16,2,FALSE()),"Supplier not found") -> Apex Wholesale | F2: 28 | G2: 51 | H2: 499 | I2: =IFERROR(F2*H2,0) -> 13972 | J2: 46287 | K2: =IFERROR(VLOOKUP(D2,'Supplier Master'!$A$2:$F$16,5,FALSE()),0) -> 3 | L2: =IFS(F2=0,"Out of Stock",F2<G2,"Low Stock",TRUE(),"In Stock") -> Low Stock | M2: =IF(F2<G2,MAX(0,G2*2-F2),0) -> 74 | N2: =TODAY()-J2 -> 36
A3: PRD002 | B3: Bluetooth Speaker | C3: Electronics | D3: SUP007 | E3: =IFERROR(VLOOKUP(D3,'Supplier Master'!$A$2:$F$16,2,FALSE()),"Supplier not found") -> GoldenGate Supplies | F3: 46 | G3: 13 | H3: 1499 | I3: =IFERROR(F3*H3,0) -> 68954 | J3: 46319 | K3: =IFERROR(VLOOKUP(D3,'Supplier Master'!$A$2:$F$16,5,FALSE()),0) -> 6 | L3: =IFS(F3=0,"Out of Stock",F3<G3,"Low Stock",TRUE(),"In Stock") -> In Stock | M3: =IF(F3<G3,MAX(0,G3*2-F3),0) -> 0 | N3: =TODAY()-J3 -> 4
A4: PRD003 | B4: USB-C Cable | C4: Electronics | D4: SUP007 | E4: =IFERROR(VLOOKUP(D4,'Supplier Master'!$A$2:$F$16,2,FALSE()),"Supplier not found") -> GoldenGate Supplies | F4: 0 | G4: 29 | H4: 249 | I4: =IFERROR(F4*H4,0) -> 0 | J4: 46234 | K4: =IFERROR(VLOOKUP(D4,'Supplier Master'!$A$2:$F$16,5,FALSE()),0) -> 6 | L4: =IFS(F4=0,"Out of Stock",F4<G4,"Low Stock",TRUE(),"In Stock") -> Out of Stock | M4: =IF(F4<G4,MAX(0,G4*2-F4),0) -> 58 | N4: =TODAY()-J4 -> 89
A5: PRD004 | B5: LED Desk Lamp | C5: Electronics | D5: SUP002 | E5: =IFERROR(VLOOKUP(D5,'Supplier Master'!$A$2:$F$16,2,FALSE()),"Supplier not found") -> BluePeak Distributors | F5: 8 | G5: 25 | H5: 699 | I5: =IFERROR(F5*H5,0) -> 5592 | J5: 46194 | K5: =IFERROR(VLOOKUP(D5,'Supplier Master'!$A$2:$F$16,5,FALSE()),0) -> 5 | L5: =IFS(F5=0,"Out of Stock",F5<G5,"Low Stock",TRUE(),"In Stock") -> Low Stock | M5: =IF(F5<G5,MAX(0,G5*2-F5),0) -> 42 | N5: =TODAY()-J5 -> 129
A6: PRD005 | B6: Power Bank | C6: Electronics | D6: SUP004 | E6: =IFERROR(VLOOKUP(D6,'Supplier Master'!$A$2:$F$16,2,FALSE()),"Supplier not found") -> Delta Retail Partners | F6: 140 | G6: 51 | H6: 1299 | I6: =IFERROR(F6*H6,0) -> 181860 | J6: 46226 | K6: =IFERROR(VLOOKUP(D6,'Supplier Master'!$A$2:$F$16,5,FALSE()),0) -> 7 | L6: =IFS(F6=0,"Out of Stock",F6<G6,"Low Stock",TRUE(),"In Stock") -> In Stock | M6: =IF(F6<G6,MAX(0,G6*2-F6),0) -> 0 | N6: =TODAY()-J6 -> 97
A7: PRD006 | B7: Keyboard | C7: Electronics | D7: SUP001 | E7: =IFERROR(VLOOKUP(D7,'Supplier Master'!$A$2:$F$16,2,FALSE()),"Supplier not found") -> Apex Wholesale | F7: 84 | G7: 31 | H7: 599 | I7: =IFERROR(F7*H7,0) -> 50316 | J7: 46194 | K7: =IFERROR(VLOOKUP(D7,'Supplier Master'!$A$2:$F$16,5,FALSE()),0) -> 3 | L7: =IFS(F7=0,"Out of Stock",F7<G7,"Low Stock",TRUE(),"In Stock") -> In Stock | M7: =IF(F7<G7,MAX(0,G7*2-F7),0) -> 0 | N7: =TODAY()-J7 -> 129
A8: PRD007 | B8: Webcam | C8: Electronics | D8: SUP009 | E8: =IFERROR(VLOOKUP(D8,'Supplier Master'!$A$2:$F$16,2,FALSE()),"Supplier not found") -> Indigo Industrial Supply | F8: 130 | G8: 39 | H8: 1799 | I8: =IFERROR(F8*H8,0) -> 233870 | J8: 46288 | K8: =IFERROR(VLOOKUP(D8,'Supplier Master'!$A$2:$F$16,5,FALSE()),0) -> 8 | L8: =IFS(F8=0,"Out of Stock",F8<G8,"Low Stock",TRUE(),"In Stock") -> In Stock | M8: =IF(F8<G8,MAX(0,G8*2-F8),0) -> 0 | N8: =TODAY()-J8 -> 35
A9: PRD008 | B9: Headphones | C9: Electronics | D9: SUP007 | E9: =IFERROR(VLOOKUP(D9,'Supplier Master'!$A$2:$F$16,2,FALSE()),"Supplier not found") -> GoldenGate Supplies | F9: 162 | G9: 57 | H9: 999 | I9: =IFERROR(F9*H9,0) -> 161838 | J9: 46243 | K9: =IFERROR(VLOOKUP(D9,'Supplier Master'!$A$2:$F$16,5,FALSE()),0) -> 6 | L9: =IFS(F9=0,"Out of Stock",F9<G9,"Low Stock",TRUE(),"In Stock") -> In Stock | M9: =IF(F9<G9,MAX(0,G9*2-F9),0) -> 0 | N9: =TODAY()-J9 -> 80
A10: PRD009 | B10: HDMI Cable | C10: Electronics | D10: SUP002 | E10: =IFERROR(VLOOKUP(D10,'Supplier Master'!$A$2:$F$16,2,FALSE()),"Supplier not found") -> BluePeak Distributors | F10: 20 | G10: 33 | H10: 349 | I10: =IFERROR(F10*H10,0) -> 6980 | J10: 46211 | K10: =IFERROR(VLOOKUP(D10,'Supplier Master'!$A$2:$F$16,5,FALSE()),0) -> 5 | L10: =IFS(F10=0,"Out of Stock",F10<G10,"Low Stock",TRUE(),"In Stock") -> Low Stock | M10: =IF(F10<G10,MAX(0,G10*2-F10),0) -> 46 | N10: =TODAY()-J10 -> 112
A11: PRD010 | B11: Smart Plug | C11: Electronics | D11: SUP004 | E11: =IFERROR(VLOOKUP(D11,'Supplier Master'!$A$2:$F$16,2,FALSE()),"Supplier not found") -> Delta Retail Partners | F11: 22 | G11: 29 | H11: 799 | I11: =IFERROR(F11*H11,0) -> 17578 | J11: 46118 | K11: =IFERROR(VLOOKUP(D11,'Supplier Master'!$A$2:$F$16,5,FALSE()),0) -> 7 | L11: =IFS(F11=0,"Out of Stock",F11<G11,"Low Stock",TRUE(),"In Stock") -> Low Stock | M11: =IF(F11<G11,MAX(0,G11*2-F11),0) -> 36 | N11: =TODAY()-J11 -> 205
A12: PRD011 | B12: Phone Charger | C12: Electronics | D12: SUP004 | E12: =IFERROR(VLOOKUP(D12,'Supplier Master'!$A$2:$F$16,2,FALSE()),"Supplier not found") -> Delta Retail Partners | F12: 0 | G12: 28 | H12: 599 | I12: =IFERROR(F12*H12,0) -> 0 | J12: 46243 | K12: =IFERROR(VLOOKUP(D12,'Supplier Master'!$A$2:$F$16,5,FALSE()),0) -> 7 | L12: =IFS(F12=0,"Out of Stock",F12<G12,"Low Stock",TRUE(),"In Stock") -> Out of Stock | M12: =IF(F12<G12,MAX(0,G12*2-F12),0) -> 56 | N12: =TODAY()-J12 -> 80
A13: PRD012 | B13: Portable SSD | C13: Electronics | D13: SUP009 | E13: =IFERROR(VLOOKUP(D13,'Supplier Master'!$A$2:$F$16,2,FALSE()),"Supplier not found") -> Indigo Industrial Supply | F13: 62 | G13: 65 | H13: 5499 | I13: =IFERROR(F13*H13,0) -> 340938 | J13: 46081 | K13: =IFERROR(VLOOKUP(D13,'Supplier Master'!$A$2:$F$16,5,FALSE()),0) -> 8 | L13: =IFS(F13=0,"Out of Stock",F13<G13,"Low Stock",TRUE(),"In Stock") -> Low Stock | M13: =IF(F13<G13,MAX(0,G13*2-F13),0) -> 68 | N13: =TODAY()-J13 -> 242
... A201: PRD200 | B201: Bhagavad Gita Hindi-English | C201: Books & Media | D201: SUP013 | E201: =IFERROR(VLOOKUP(D201,'Supplier Master'!$A$2:$F$16,2,FALSE()),"Supplier not found") -> Maple Books Distribution | F201: 8 | G201: 13 | H201: 249 | I201: =IFERROR(F201*H201,0) -> 1992 | J201: 46232 | K201: =IFERROR(VLOOKUP(D201,'Supplier Master'!$A$2:$F$16,5,FALSE()),0) -> 4 | L201: =IFS(F201=0,"Out of Stock",F201<G201,"Low Stock",TRUE(),"In Stock") -> Low Stock | M201: =IF(F201<G201,MAX(0,G201*2-F201),0) -> 18 | N201: =TODAY()-J201 -> 91

Sheet Supplier Master
A1: Supplier ID | B1: Supplier Name | C1: Contact Email | D1: Contact Phone | E1: Lead Time (Days) | F1: Standard Reorder Quantity
A2: SUP001 | B2: Apex Wholesale | C2: orders@apexwholesale.example | D2: +91-90000-10001 | E2: 3 | F2: 24
A3: SUP002 | B3: BluePeak Distributors | C3: sales@bluepeak.example | D3: +91-90000-10002 | E3: 5 | F3: 30
A4: SUP003 | B4: Cedar Supply Co. | C4: contact@cedarsupply.example | D4: +91-90000-10003 | E4: 4 | F4: 20
A5: SUP004 | B5: Delta Retail Partners | C5: orders@deltaretail.example | D5: +91-90000-10004 | E5: 7 | F5: 36
A6: SUP005 | B6: Evergreen Traders | C6: sales@evergreen.example | D6: +91-90000-10005 | E6: 2 | F6: 18
A7: SUP006 | B7: FreshCart Suppliers | C7: orders@freshcart.example | D7: +91-90000-10006 | E7: 3 | F7: 48
A8: SUP007 | B8: GoldenGate Supplies | C8: contact@goldengate.example | D8: +91-90000-10007 | E8: 6 | F8: 24
A9: SUP008 | B9: Horizon Merchants | C9: sales@horizon.example | D9: +91-90000-10008 | E9: 5 | F9: 20
A10: SUP009 | B10: Indigo Industrial Supply | C10: orders@indigo.example | D10: +91-90000-10009 | E10: 8 | F10: 40
A11: SUP010 | B11: Jasmine General Trading | C11: contact@jasmine.example | D11: +91-90000-10010 | E11: 4 | F11: 24
A12: SUP011 | B12: Keystone Products | C12: sales@keystone.example | D12: +91-90000-10011 | E12: 6 | F12: 30
A13: SUP012 | B13: Lotus Market Supply | C13: orders@lotusmarket.example | D13: +91-90000-10012 | E13: 3 | F13: 24
... A16: SUP015 | B16: Orchid Media Traders | C16: contact@orchidmedia.example | D16: +91-90000-10015 | E16: 5 | F16: 36

Sheet Product Master
A1: Product ID | B1: Product Name | C1: Category | D1: Supplier ID | E1: Reference Unit Price (₹)
A2: PRD001 | B2: Wireless Mouse | C2: Electronics | D2: SUP001 | E2: 499
A3: PRD002 | B3: Bluetooth Speaker | C3: Electronics | D3: SUP007 | E3: 1499
A4: PRD003 | B4: USB-C Cable | C4: Electronics | D4: SUP007 | E4: 249
A5: PRD004 | B5: LED Desk Lamp | C5: Electronics | D5: SUP002 | E5: 699
A6: PRD005 | B6: Power Bank | C6: Electronics | D6: SUP004 | E6: 1299
A7: PRD006 | B7: Keyboard | C7: Electronics | D7: SUP001 | E7: 599
A8: PRD007 | B8: Webcam | C8: Electronics | D8: SUP009 | E8: 1799
A9: PRD008 | B9: Headphones | C9: Electronics | D9: SUP007 | E9: 999
A10: PRD009 | B10: HDMI Cable | C10: Electronics | D10: SUP002 | E10: 349
A11: PRD010 | B11: Smart Plug | C11: Electronics | D11: SUP004 | E11: 799
A12: PRD011 | B12: Phone Charger | C12: Electronics | D12: SUP004 | E12: 599
A13: PRD012 | B13: Portable SSD | C13: Electronics | D13: SUP009 | E13: 5499
... A201: PRD200 | B201: Bhagavad Gita Hindi-English | C201: Books & Media | D201: SUP013 | E201: 249

Sheet Dashboard Guide
A1: PRODUCT INVENTORY STOCK-LEVEL MONITOR
A2: Purpose | B2: Use this workbook to practise Excel inventory analysis. All company and supplier data are fictional.
A3: Main sheet | B3: Inventory Data — 200 unique products across 7 categories, 15 suppliers. Formula columns are Supplier, Stock Value, Lead Time, Stock Status, Reorder Quantity, and Days Since Restock.
A4: Supplier lookup | B4: Supplier names and lead times are pulled from Supplier Master using VLOOKUP.
A5: Stock Value | B5: Quantity in Stock × Unit Price.
A6: Stock Status | B6: Out of Stock when quantity = 0; Low Stock when quantity is below reorder level; otherwise In Stock.
A7: Reorder Quantity | B7: Suggested quantity is calculated when current stock is below the reorder level; it is a learning rule, not an operational purchasing recommendation.
A8: Days Since Restock | B8: Uses TODAY() and updates when Excel recalculates.
A9: Suggested KPI 1 | B9: Total Products: COUNTA of Product ID.
A10: Suggested KPI 2 | B10: Total Stock Units: SUM of Quantity in Stock.
A11: Suggested KPI 3 | B11: Total Inventory Value: SUM of Stock Value.
A12: Suggested KPI 4 | B12: Out-of-Stock Products: COUNTIF Stock Status = Out of Stock.
A13: Suggested KPI 5 | B13: Low-Stock Products: COUNTIF Stock Status = Low Stock.
... A26: Data note | B26: Synthetic dataset. Prices are illustrative Indian e-commerce selling prices in ₹ (Amazon/Flipkart-style); suppliers are fictional. Category dropdown reads from the Lists sheet.

Sheet Lists
A1: Category
A2: Electronics
A3: Grocery
A4: Stationery
A5: Home & Kitchen
A6: Personal Care
A7: Sports & Fitness
A8: Books & Media
